Nro|10647|Local.NAME | 1830-EDIFICIO REAL 2|PartNumber|ANMD-0011|Description||QuantityOnRent|18|QuantityInTransit|0|QuantityReserved|0
Nro|10648|Local.NAME | 1830-EDIFICIO REAL 2|PartNumber|COMP-1015|Description||QuantityOnRent|4|QuantityInTransit|0|QuantityReserved|0
Nro|10649|Local.NAME | 1830-EDIFICIO REAL 2|PartNumber|ANMD-0054|Description||QuantityOnRent|14|QuantityInTransit|0|QuantityReserved|0
Nro|10650|Local.NAME | 1830-EDIFICIO REAL 2|PartNumber|CANA-0063|Description||QuantityOnRent|4|QuantityInTransit|0|QuantityReserved|0
Nro|10651|Local.NAME | 1830-EDIFICIO REAL 2|PartNumber|ANMD-0121|Description||QuantityOnRent|3|QuantityInTransit|0|QuantityReserved|0
Nro|10652|Local.NAME | 1830-EDIFICIO REAL 2|PartNumber|MHLO-0007|Description||QuantityOnRent|72|QuantityInTransit|0|QuantityReserved|0
Nro|10653|Local.NAME | 1830-EDIFICIO REAL 2|PartNumber|COMP-0191|Description||QuantityOnRent|9889|QuantityInTransit|0|QuantityReserved|0
Nro|10654|Local.NAME | 1830-EDIFICIO REAL 2|PartNumber|ANMD-0042|Description||QuantityOnRent|70|QuantityInTransit|0|QuantityReserved|0
Nro|10655|Local.NAME | 1830-EDIFICIO REAL 2|PartNumber|CANA-0011|Description||QuantityOnRent|133|QuantityInTransit|0|QuantityReserved|0
Nro|10656|Local.NAME | 1830-EDIFICIO REAL 2|PartNumber|PANM-0085|Description||QuantityOnRent|67|QuantityInTransit|0|QuantityReserved|0
Nro|10657|Local.NAME | 1830-EDIFICIO REAL 2|PartNumber|COMP-0974|Description||QuantityOnRent|1|QuantityInTransit|0|QuantityReserved|0
Nro|10658|Local.NAME | 1830-EDIFICIO REAL 2|PartNumber|CANA-0007|Description||QuantityOnRent|80|QuantityInTransit|0|QuantityReserved|0
Nro|10659|Local.NAME | 1830-EDIFICIO REAL 2|PartNumber|COMP-0109|Description||QuantityOnRent|9|QuantityInTransit|0|QuantityReserved|0
Nro|10660|Local.NAME | 1830-EDIFICIO REAL 2|PartNumber|EINT-0046|Description||QuantityOnRent|21|QuantityInTransit|0|QuantityReserved|0
Nro|10661|Local.NAME | 1830-EDIFICIO REAL 2|PartNumber|COMP-0400|Description||QuantityOnRent|18|QuantityInTransit|0|QuantityReserved|0
Nro|10662|Local.NAME | 1830-EDIFICIO REAL 2|PartNumber|PANM-0091|Description||QuantityOnRent|58|QuantityInTransit|0|QuantityReserved|0
Nro|10663|Local.NAME | 1830-EDIFICIO REAL 2|PartNumber|COMP-0465|Description||QuantityOnRent|12|QuantityInTransit|0|QuantityReserved|0
Nro|10664|Local.NAME | 1830-EDIFICIO REAL 2|PartNumber|PANL-0035|Description||QuantityOnRent|33|QuantityInTransit|0|QuantityReserved|0
Nro|10665|Local.NAME | 1830-EDIFICIO REAL 2|PartNumber|COMP-0050|Description||QuantityOnRent|11|QuantityInTransit|0|QuantityReserved|0
Nro|10666|Local.NAME | 1830-EDIFICIO REAL 2|PartNumber|COMP-0206|Description||QuantityOnRent|4|QuantityInTransit|0|QuantityReserved|0
Nro|10667|Local.NAME | 1830-EDIFICIO REAL 2|PartNumber|PANL-0025|Description||QuantityOnRent|33|QuantityInTransit|0|QuantityReserved|0
Nro|10668|Local.NAME | 1830-EDIFICIO REAL 2|PartNumber|TUBO-0007|Description||QuantityOnRent|76|QuantityInTransit|0|QuantityReserved|0
Nro|10669|Local.NAME | 1830-EDIFICIO REAL 2|PartNumber|COMP-0045|Description||QuantityOnRent|60|QuantityInTransit|0|QuantityReserved|0
Nro|10670|Local.NAME | 1830-EDIFICIO REAL 2|PartNumber|ANMD-0003|Description||QuantityOnRent|107|QuantityInTransit|0|QuantityReserved|0
Nro|10671|Local.NAME | 1830-EDIFICIO REAL 2|PartNumber|PANM-0119|Description||QuantityOnRent|40|QuantityInTransit|0|QuantityReserved|0
Nro|10672|Local.NAME | 1830-EDIFICIO REAL 2|PartNumber|EEXT-0021|Description||QuantityOnRent|141|QuantityInTransit|0|QuantityReserved|0
Nro|10673|Local.NAME | 1830-EDIFICIO REAL 2|PartNumber|PANM-0135|Description||QuantityOnRent|11|QuantityInTransit|0|QuantityReserved|0
Nro|10674|Local.NAME | 1830-EDIFICIO REAL 2|PartNumber|PUNT-0005|Description||QuantityOnRent|111|QuantityInTransit|0|QuantityReserved|0
Nro|10675|Local.NAME | 1830-EDIFICIO REAL 2|PartNumber|EINT-0021|Description||QuantityOnRent|19|QuantityInTransit|0|QuantityReserved|0
Nro|10676|Local.NAME | 1830-EDIFICIO REAL 2|PartNumber|COMP-0013|Description||QuantityOnRent|1626|QuantityInTransit|0|QuantityReserved|0
Nro|10677|Local.NAME | 1830-EDIFICIO REAL 2|PartNumber|TUBO-0048|Description||QuantityOnRent|7|QuantityInTransit|0|QuantityReserved|0
Nro|10678|Local.NAME | 1830-EDIFICIO REAL 2|PartNumber|CANA-0092|Description||QuantityOnRent|19|QuantityInTransit|0|QuantityReserved|0
Nro|10679|Local.NAME | 1830-EDIFICIO REAL 2|PartNumber|ANMD-0065|Description||QuantityOnRent|42|QuantityInTransit|0|QuantityReserved|0
Nro|10680|Local.NAME | 1830-EDIFICIO REAL 2|PartNumber|TUBO-0033|Description||QuantityOnRent|9|QuantityInTransit|0|QuantityReserved|0
Nro|10681|Local.NAME | 1830-EDIFICIO REAL 2|PartNumber|CANA-0248|Description||QuantityOnRent|2|QuantityInTransit|0|QuantityReserved|0
Nro|10682|Local.NAME | 1830-EDIFICIO REAL 2|PartNumber|PANL-0010|Description||QuantityOnRent|33|QuantityInTransit|0|QuantityReserved|0
Nro|10683|Local.NAME | 1830-EDIFICIO REAL 2|PartNumber|COMP-0503|Description||QuantityOnRent|18|QuantityInTransit|0|QuantityReserved|0
Nro|10684|Local.NAME | 1830-EDIFICIO REAL 2|PartNumber|CANA-0037|Description||QuantityOnRent|9|QuantityInTransit|0|QuantityReserved|0
Nro|10685|Local.NAME | 1830-EDIFICIO REAL 2|PartNumber|COMP-0845|Description||QuantityOnRent|4|QuantityInTransit|0|QuantityReserved|0
Nro|10686|Local.NAME | 1830-EDIFICIO REAL 2|PartNumber|COMP-0262|Description||QuantityOnRent|50|QuantityInTransit|0|QuantityReserved|0
Nro|10687|Local.NAME | 1830-EDIFICIO REAL 2|PartNumber|CANA-0027|Description||QuantityOnRent|366|QuantityInTransit|0|QuantityReserved|0
Nro|10688|Local.NAME | 1830-EDIFICIO REAL 2|PartNumber|ANFA-0001|Description||QuantityOnRent|6|QuantityInTransit|0|QuantityReserved|0
Nro|10689|Local.NAME | 1830-EDIFICIO REAL 2|PartNumber|PUNT-0034|Description||QuantityOnRent|4|QuantityInTransit|0|QuantityReserved|0
Nro|10690|Local.NAME | 1830-EDIFICIO REAL 2|PartNumber|TRAN-1033|Description||QuantityOnRent|206|QuantityInTransit|0|QuantityReserved|0
Nro|10691|Local.NAME | 1830-EDIFICIO REAL 2|PartNumber|COMP-0091|Description||QuantityOnRent|88|QuantityInTransit|0|QuantityReserved|0
Nro|10692|Local.NAME | 1830-EDIFICIO REAL 2|PartNumber|ANMD-0025|Description||QuantityOnRent|8|QuantityInTransit|0|QuantityReserved|0
Nro|10693|Local.NAME | 1830-EDIFICIO REAL 2|PartNumber|CODU-0035|Description||QuantityOnRent|108|QuantityInTransit|0|QuantityReserved|0
Nro|10694|Local.NAME | 1830-EDIFICIO REAL 2|PartNumber|TUBO-0088|Description||QuantityOnRent|34|QuantityInTransit|0|QuantityReserved|0
Nro|10695|Local.NAME | 1830-EDIFICIO REAL 2|PartNumber|CANA-0081|Description||QuantityOnRent|13|QuantityInTransit|0|QuantityReserved|0
Nro|10696|Local.NAME | 1830-EDIFICIO REAL 2|PartNumber|ANMD-0056|Description||QuantityOnRent|4|QuantityInTransit|0|QuantityReserved|0
Nro|10697|Local.NAME | 1830-EDIFICIO REAL 2|PartNumber|CANA-0020|Description||QuantityOnRent|182|QuantityInTransit|0|QuantityReserved|0
Nro|10698|Local.NAME | 1830-EDIFICIO REAL 2|PartNumber|PANL-0048|Description||QuantityOnRent|3|QuantityInTransit|0|QuantityReserved|0
Nro|10699|Local.NAME | 1830-EDIFICIO REAL 2|PartNumber|PANM-0012|Description||QuantityOnRent|8|QuantityInTransit|0|QuantityReserved|0
Nro|10700|Local.NAME | 1830-EDIFICIO REAL 2|PartNumber|PANM-0140|Description||QuantityOnRent|97|QuantityInTransit|0|QuantityReserved|0
Nro|10701|Local.NAME | 1830-EDIFICIO REAL 2|PartNumber|ALZA-0073|Description||QuantityOnRent|10|QuantityInTransit|0|QuantityReserved|0
Nro|10702|Local.NAME | 1830-EDIFICIO REAL 2|PartNumber|COMP-0306|Description||QuantityOnRent|230|QuantityInTransit|0|QuantityReserved|0
Nro|10703|Local.NAME | 1830-EDIFICIO REAL 2|PartNumber|EEXT-0020|Description||QuantityOnRent|160|QuantityInTransit|0|QuantityReserved|0
Nro|10704|Local.NAME | 1830-EDIFICIO REAL 2|PartNumber|ALZA-0070|Description||QuantityOnRent|39|QuantityInTransit|0|QuantityReserved|0
Nro|10705|Local.NAME | 1830-EDIFICIO REAL 2|PartNumber|MHLO-0009|Description||QuantityOnRent|32|QuantityInTransit|0|QuantityReserved|0
Nro|10706|Local.NAME | 1830-EDIFICIO REAL 2|PartNumber|ANMD-0062|Description||QuantityOnRent|16|QuantityInTransit|0|QuantityReserved|0
Nro|10707|Local.NAME | 1830-EDIFICIO REAL 2|PartNumber|EINT-0057|Description||QuantityOnRent|88|QuantityInTransit|0|QuantityReserved|0
Nro|10708|Local.NAME | 1830-EDIFICIO REAL 2|PartNumber|TRAV-0006|Description||QuantityOnRent|349|QuantityInTransit|0|QuantityReserved|0
Nro|10709|Local.NAME | 1830-EDIFICIO REAL 2|PartNumber|MHLO-0011|Description||QuantityOnRent|1462|QuantityInTransit|0|QuantityReserved|0
Nro|10710|Local.NAME | 1830-EDIFICIO REAL 2|PartNumber|CODU-0043|Description||QuantityOnRent|66|QuantityInTransit|0|QuantityReserved|0
Nro|10711|Local.NAME | 1830-EDIFICIO REAL 2|PartNumber|COMP-0308|Description||QuantityOnRent|11|QuantityInTransit|0|QuantityReserved|0
Nro|10712|Local.NAME | 1830-EDIFICIO REAL 2|PartNumber|TRAV-0007|Description||QuantityOnRent|850|QuantityInTransit|0|QuantityReserved|0
Nro|10713|Local.NAME | 1830-EDIFICIO REAL 2|PartNumber|ANFA-0004|Description||QuantityOnRent|72|QuantityInTransit|0|QuantityReserved|0
Nro|10714|Local.NAME | 1830-EDIFICIO REAL 2|PartNumber|GATA-0007|Description||QuantityOnRent|227|QuantityInTransit|0|QuantityReserved|0
Nro|10715|Local.NAME | 1830-EDIFICIO REAL 2|PartNumber|TUBO-0027|Description||QuantityOnRent|1|QuantityInTransit|0|QuantityReserved|0
Nro|10716|Local.NAME | 1830-EDIFICIO REAL 2|PartNumber|COMP-0702|Description||QuantityOnRent|1|QuantityInTransit|0|QuantityReserved|0
Nro|10717|Local.NAME | 1830-EDIFICIO REAL 2|PartNumber|PUNT-0001|Description||QuantityOnRent|5|QuantityInTransit|0|QuantityReserved|0
Nro|10718|Local.NAME | 1830-EDIFICIO REAL 2|PartNumber|COMP-0309|Description||QuantityOnRent|6|QuantityInTransit|0|QuantityReserved|0
Nro|10719|Local.NAME | 1830-EDIFICIO REAL 2|PartNumber|PANM-0120|Description||QuantityOnRent|9|QuantityInTransit|0|QuantityReserved|0
Nro|10720|Local.NAME | 1830-EDIFICIO REAL 2|PartNumber|GATA-0005|Description||QuantityOnRent|931|QuantityInTransit|0|QuantityReserved|0
Nro|10721|Local.NAME | 1830-EDIFICIO REAL 2|PartNumber|PANM-0036|Description||QuantityOnRent|67|QuantityInTransit|0|QuantityReserved|0
Nro|10722|Local.NAME | 1830-EDIFICIO REAL 2|PartNumber|COMP-1010|Description||QuantityOnRent|1262|QuantityInTransit|0|QuantityReserved|0
Nro|10723|Local.NAME | 1830-EDIFICIO REAL 2|PartNumber|CANA-0023|Description||QuantityOnRent|183|QuantityInTransit|0|QuantityReserved|0
Nro|10724|Local.NAME | 1830-EDIFICIO REAL 2|PartNumber|PANM-0083|Description||QuantityOnRent|34|QuantityInTransit|0|QuantityReserved|0
Nro|10725|Local.NAME | 1830-EDIFICIO REAL 2|PartNumber|PANM-0081|Description||QuantityOnRent|115|QuantityInTransit|0|QuantityReserved|0
Nro|10726|Local.NAME | 1830-EDIFICIO REAL 2|PartNumber|CANA-0019|Description||QuantityOnRent|169|QuantityInTransit|0|QuantityReserved|0
Nro|10727|Local.NAME | 1830-EDIFICIO REAL 2|PartNumber|CANA-0026|Description||QuantityOnRent|38|QuantityInTransit|0|QuantityReserved|0
Nro|10728|Local.NAME | 1830-EDIFICIO REAL 2|PartNumber|CODU-0026|Description||QuantityOnRent|78|QuantityInTransit|0|QuantityReserved|0
Nro|10729|Local.NAME | 1830-EDIFICIO REAL 2|PartNumber|ANMD-0058|Description||QuantityOnRent|4|QuantityInTransit|0|QuantityReserved|0
Nro|10730|Local.NAME | 1830-EDIFICIO REAL 2|PartNumber|TRAV-0012|Description||QuantityOnRent|16|QuantityInTransit|0|QuantityReserved|0
Nro|10731|Local.NAME | 1830-EDIFICIO REAL 2|PartNumber|TUBO-0049|Description||QuantityOnRent|14|QuantityInTransit|0|QuantityReserved|0
Nro|10732|Local.NAME | 1830-EDIFICIO REAL 2|PartNumber|PANL-0028|Description||QuantityOnRent|8|QuantityInTransit|0|QuantityReserved|0
Nro|10733|Local.NAME | 1830-EDIFICIO REAL 2|PartNumber|PANL-0031|Description||QuantityOnRent|3|QuantityInTransit|0|QuantityReserved|0
Nro|10734|Local.NAME | 1830-EDIFICIO REAL 2|PartNumber|ANMD-0008|Description||QuantityOnRent|6|QuantityInTransit|0|QuantityReserved|0
Nro|10735|Local.NAME | 1830-EDIFICIO REAL 2|PartNumber|PANL-0030|Description||QuantityOnRent|10|QuantityInTransit|0|QuantityReserved|0
Nro|10736|Local.NAME | 1830-EDIFICIO REAL 2|PartNumber|GATA-0004|Description||QuantityOnRent|997|QuantityInTransit|0|QuantityReserved|0
Nro|10737|Local.NAME | 1830-EDIFICIO REAL 2|PartNumber|PANL-0027|Description||QuantityOnRent|9|QuantityInTransit|0|QuantityReserved|0
Nro|10738|Local.NAME | 1830-EDIFICIO REAL 2|PartNumber|ANMD-0043|Description||QuantityOnRent|2|QuantityInTransit|0|QuantityReserved|0
Nro|10739|Local.NAME | 1830-EDIFICIO REAL 2|PartNumber|CANA-0069|Description||QuantityOnRent|2|QuantityInTransit|0|QuantityReserved|0
Nro|10740|Local.NAME | 1830-EDIFICIO REAL 2|PartNumber|ALZA-0010|Description||QuantityOnRent|7|QuantityInTransit|0|QuantityReserved|0
Nro|10741|Local.NAME | 1830-EDIFICIO REAL 2|PartNumber|COMP-0257|Description||QuantityOnRent|180|QuantityInTransit|0|QuantityReserved|0
Nro|10742|Local.NAME | 1830-EDIFICIO REAL 2|PartNumber|ANMD-0048|Description||QuantityOnRent|13|QuantityInTransit|0|QuantityReserved|0
Nro|10743|Local.NAME | 1830-EDIFICIO REAL 2|PartNumber|PANM-0116|Description||QuantityOnRent|63|QuantityInTransit|0|QuantityReserved|0
Nro|10744|Local.NAME | 1830-EDIFICIO REAL 2|PartNumber|TRAV-0011|Description||QuantityOnRent|450|QuantityInTransit|0|QuantityReserved|0
Nro|10745|Local.NAME | 1830-EDIFICIO REAL 2|PartNumber|ANMD-0044|Description||QuantityOnRent|3|QuantityInTransit|0|QuantityReserved|0
Nro|10746|Local.NAME | 1830-EDIFICIO REAL 2|PartNumber|ANMD-0045|Description||QuantityOnRent|24|QuantityInTransit|0|QuantityReserved|0
Nro|10747|Local.NAME | 1830-EDIFICIO REAL 2|PartNumber|EEXT-0122|Description||QuantityOnRent|1|QuantityInTransit|0|QuantityReserved|0
Nro|10748|Local.NAME | 1830-EDIFICIO REAL 2|PartNumber|CANA-0151|Description||QuantityOnRent|13|QuantityInTransit|0|QuantityReserved|0
Nro|10749|Local.NAME | 1830-EDIFICIO REAL 2|PartNumber|PANM-0134|Description||QuantityOnRent|35|QuantityInTransit|0|QuantityReserved|0
Nro|10750|Local.NAME | 1830-EDIFICIO REAL 2|PartNumber|PANL-0003|Description||QuantityOnRent|47|QuantityInTransit|0|QuantityReserved|0
Nro|10751|Local.NAME | 1830-EDIFICIO REAL 2|PartNumber|ALZA-0009|Description||QuantityOnRent|1|QuantityInTransit|0|QuantityReserved|0
Nro|10752|Local.NAME | 1830-EDIFICIO REAL 2|PartNumber|MHLO-0006|Description||QuantityOnRent|8|QuantityInTransit|0|QuantityReserved|0
Nro|10753|Local.NAME | 1830-EDIFICIO REAL 2|PartNumber|COMP-0186|Description||QuantityOnRent|166|QuantityInTransit|0|QuantityReserved|0
Nro|10754|Local.NAME | 1830-EDIFICIO REAL 2|PartNumber|CANA-0015|Description||QuantityOnRent|14|QuantityInTransit|0|QuantityReserved|0
Nro|10755|Local.NAME | 1830-EDIFICIO REAL 2|PartNumber|ANMD-0013|Description||QuantityOnRent|39|QuantityInTransit|0|QuantityReserved|0
Nro|10756|Local.NAME | 1830-EDIFICIO REAL 2|PartNumber|CANA-0161|Description||QuantityOnRent|5|QuantityInTransit|0|QuantityReserved|0
Nro|10757|Local.NAME | 1830-EDIFICIO REAL 2|PartNumber|PANM-0008|Description||QuantityOnRent|195|QuantityInTransit|0|QuantityReserved|0
Nro|10758|Local.NAME | 1830-EDIFICIO REAL 2|PartNumber|ANFA-0023|Description||QuantityOnRent|7|QuantityInTransit|0|QuantityReserved|0
Nro|10759|Local.NAME | 1830-EDIFICIO REAL 2|PartNumber|CANA-0111|Description||QuantityOnRent|4|QuantityInTransit|0|QuantityReserved|0
Nro|10760|Local.NAME | 1830-EDIFICIO REAL 2|PartNumber|PUNT-0033|Description||QuantityOnRent|4|QuantityInTransit|0|QuantityReserved|0
Nro|10761|Local.NAME | 1830-EDIFICIO REAL 2|PartNumber|COMP-0102|Description||QuantityOnRent|5|QuantityInTransit|0|QuantityReserved|0
Nro|10762|Local.NAME | 1830-EDIFICIO REAL 2|PartNumber|TUBO-0161|Description||QuantityOnRent|1|QuantityInTransit|0|QuantityReserved|0
Nro|10763|Local.NAME | 1830-EDIFICIO REAL 2|PartNumber|CANA-0017|Description||QuantityOnRent|55|QuantityInTransit|0|QuantityReserved|0
Nro|10764|Local.NAME | 1830-EDIFICIO REAL 2|PartNumber|VIAL-0016|Description||QuantityOnRent|6|QuantityInTransit|0|QuantityReserved|0
Nro|10765|Local.NAME | 1830-EDIFICIO REAL 2|PartNumber|CANA-0041|Description||QuantityOnRent|49|QuantityInTransit|0|QuantityReserved|0
Nro|10766|Local.NAME | 1830-EDIFICIO REAL 2|PartNumber|TUBO-0059|Description||QuantityOnRent|10|QuantityInTransit|0|QuantityReserved|0
Nro|10767|Local.NAME | 1830-EDIFICIO REAL 2|PartNumber|CANA-0090|Description||QuantityOnRent|9|QuantityInTransit|0|QuantityReserved|0
Nro|10768|Local.NAME | 1830-EDIFICIO REAL 2|PartNumber|ANMD-0007|Description||QuantityOnRent|58|QuantityInTransit|0|QuantityReserved|0
Nro|10769|Local.NAME | 1830-EDIFICIO REAL 2|PartNumber|COMP-0049|Description||QuantityOnRent|333|QuantityInTransit|0|QuantityReserved|0
Nro|10770|Local.NAME | 1830-EDIFICIO REAL 2|PartNumber|PANL-0026|Description||QuantityOnRent|7|QuantityInTransit|0|QuantityReserved|0
Nro|10771|Local.NAME | 1830-EDIFICIO REAL 2|PartNumber|TUBO-0021|Description||QuantityOnRent|63|QuantityInTransit|0|QuantityReserved|0
Nro|10772|Local.NAME | 1830-EDIFICIO REAL 2|PartNumber|EINT-0051|Description||QuantityOnRent|8|QuantityInTransit|0|QuantityReserved|0
Nro|10773|Local.NAME | 1830-EDIFICIO REAL 2|PartNumber|PANM-0164|Description||QuantityOnRent|2|QuantityInTransit|0|QuantityReserved|0
Nro|10774|Local.NAME | 1830-EDIFICIO REAL 2|PartNumber|ANMD-0016|Description||QuantityOnRent|8|QuantityInTransit|0|QuantityReserved|0
Nro|10775|Local.NAME | 1830-EDIFICIO REAL 2|PartNumber|PANM-0011|Description||QuantityOnRent|22|QuantityInTransit|0|QuantityReserved|0
Nro|10776|Local.NAME | 1830-EDIFICIO REAL 2|PartNumber|PUNT-0028|Description||QuantityOnRent|1138|QuantityInTransit|0|QuantityReserved|0
Nro|10777|Local.NAME | 1830-EDIFICIO REAL 2|PartNumber|COMP-0726|Description||QuantityOnRent|54|QuantityInTransit|0|QuantityReserved|0
Nro|10778|Local.NAME | 1830-EDIFICIO REAL 2|PartNumber|TUBO-0003|Description||QuantityOnRent|38|QuantityInTransit|0|QuantityReserved|0
Nro|10779|Local.NAME | 1830-EDIFICIO REAL 2|PartNumber|PANL-0036|Description||QuantityOnRent|2|QuantityInTransit|0|QuantityReserved|0
Nro|10780|Local.NAME | 1830-EDIFICIO REAL 2|PartNumber|TRAN-1042|Description||QuantityOnRent|5|QuantityInTransit|0|QuantityReserved|0
Nro|10781|Local.NAME | 1830-EDIFICIO REAL 2|PartNumber|COMP-0023|Description||QuantityOnRent|867|QuantityInTransit|0|QuantityReserved|0
Nro|10782|Local.NAME | 1830-EDIFICIO REAL 2|PartNumber|ANFA-0011|Description||QuantityOnRent|5|QuantityInTransit|0|QuantityReserved|0
Nro|10783|Local.NAME | 1830-EDIFICIO REAL 2|PartNumber|ANMD-0002|Description||QuantityOnRent|19|QuantityInTransit|0|QuantityReserved|0
Nro|10784|Local.NAME | 1830-EDIFICIO REAL 2|PartNumber|PANM-0136|Description||QuantityOnRent|45|QuantityInTransit|0|QuantityReserved|0
Nro|10785|Local.NAME | 1830-EDIFICIO REAL 2|PartNumber|TUBO-0024|Description||QuantityOnRent|3|QuantityInTransit|0|QuantityReserved|0
Nro|10786|Local.NAME | 1830-EDIFICIO REAL 2|PartNumber|PANM-0117|Description||QuantityOnRent|45|QuantityInTransit|0|QuantityReserved|0
Nro|10787|Local.NAME | 1830-EDIFICIO REAL 2|PartNumber|COMP-1011|Description||QuantityOnRent|74|QuantityInTransit|0|QuantityReserved|0
Nro|10788|Local.NAME | 1830-EDIFICIO REAL 2|PartNumber|PUNT-0002|Description||QuantityOnRent|44|QuantityInTransit|0|QuantityReserved|0
Nro|10789|Local.NAME | 1830-EDIFICIO REAL 2|PartNumber|COMP-0120|Description||QuantityOnRent|338|QuantityInTransit|0|QuantityReserved|0
Nro|10790|Local.NAME | 1830-EDIFICIO REAL 2|PartNumber|CANA-0035|Description||QuantityOnRent|14|QuantityInTransit|0|QuantityReserved|0
Nro|10791|Local.NAME | 1830-EDIFICIO REAL 2|PartNumber|TUBO-0005|Description||QuantityOnRent|86|QuantityInTransit|0|QuantityReserved|0
Nro|10792|Local.NAME | 1830-EDIFICIO REAL 2|PartNumber|CANA-0013|Description||QuantityOnRent|225|QuantityInTransit|0|QuantityReserved|0
Nro|10793|Local.NAME | 1830-EDIFICIO REAL 2|PartNumber|PUNT-0030|Description||QuantityOnRent|74|QuantityInTransit|0|QuantityReserved|0
Nro|10794|Local.NAME | 1830-EDIFICIO REAL 2|PartNumber|ANFA-0010|Description||QuantityOnRent|15|QuantityInTransit|0|QuantityReserved|0
Nro|10795|Local.NAME | 1830-EDIFICIO REAL 2|PartNumber|PANM-0137|Description||QuantityOnRent|45|QuantityInTransit|0|QuantityReserved|0
Nro|10796|Local.NAME | 1830-EDIFICIO REAL 2|PartNumber|COMP-0549|Description||QuantityOnRent|442|QuantityInTransit|0|QuantityReserved|0
Nro|10797|Local.NAME | 1830-EDIFICIO REAL 2|PartNumber|COMP-1013|Description||QuantityOnRent|10|QuantityInTransit|0|QuantityReserved|0
Nro|10798|Local.NAME | 1830-EDIFICIO REAL 2|PartNumber|TUBO-0020|Description||QuantityOnRent|4|QuantityInTransit|0|QuantityReserved|0
Nro|10799|Local.NAME | 1830-EDIFICIO REAL 2|PartNumber|CANA-0009|Description||QuantityOnRent|95|QuantityInTransit|0|QuantityReserved|0
Nro|10800|Local.NAME | 1830-EDIFICIO REAL 2|PartNumber|PANM-0021|Description||QuantityOnRent|39|QuantityInTransit|0|QuantityReserved|0
Nro|10801|Local.NAME | 1830-EDIFICIO REAL 2|PartNumber|COMP-0038|Description||QuantityOnRent|317|QuantityInTransit|0|QuantityReserved|0
Nro|10802|Local.NAME | 1830-EDIFICIO REAL 2|PartNumber|COMP-0009|Description||QuantityOnRent|1542|QuantityInTransit|0|QuantityReserved|0
Nro|10803|Local.NAME | 1830-EDIFICIO REAL 2|PartNumber|CANA-0070|Description||QuantityOnRent|32|QuantityInTransit|0|QuantityReserved|0
Nro|10804|Local.NAME | 1830-EDIFICIO REAL 2|PartNumber|COMP-1000|Description||QuantityOnRent|26|QuantityInTransit|0|QuantityReserved|0
Nro|10805|Local.NAME | 1830-EDIFICIO REAL 2|PartNumber|ANMD-0023|Description||QuantityOnRent|1|QuantityInTransit|0|QuantityReserved|0
Nro|10806|Local.NAME | 1830-EDIFICIO REAL 2|PartNumber|SOPV-0001|Description||QuantityOnRent|29|QuantityInTransit|0|QuantityReserved|0
Nro|10807|Local.NAME | 1830-EDIFICIO REAL 2|PartNumber|COMP-0011|Description||QuantityOnRent|229|QuantityInTransit|0|QuantityReserved|0
Nro|10808|Local.NAME | 1830-EDIFICIO REAL 2|PartNumber|PUNT-0003|Description||QuantityOnRent|871|QuantityInTransit|0|QuantityReserved|0
Nro|10809|Local.NAME | 1830-EDIFICIO REAL 2|PartNumber|PANL-0066|Description||QuantityOnRent|2|QuantityInTransit|0|QuantityReserved|0
Nro|10810|Local.NAME | 1830-EDIFICIO REAL 2|PartNumber|PANM-0024|Description||QuantityOnRent|6|QuantityInTransit|0|QuantityReserved|0
Nro|10811|Local.NAME | 1830-EDIFICIO REAL 2|PartNumber|CODU-0044|Description||QuantityOnRent|2|QuantityInTransit|0|QuantityReserved|0
Nro|10812|Local.NAME | 1830-EDIFICIO REAL 2|PartNumber|COMP-1004|Description||QuantityOnRent|9|QuantityInTransit|0|QuantityReserved|0
Nro|10813|Local.NAME | 1830-EDIFICIO REAL 2|PartNumber|PANM-0029|Description||QuantityOnRent|21|QuantityInTransit|0|QuantityReserved|0
Nro|10814|Local.NAME | 1830-EDIFICIO REAL 2|PartNumber|PANL-0011|Description||QuantityOnRent|7|QuantityInTransit|0|QuantityReserved|0
Nro|10815|Local.NAME | 1830-EDIFICIO REAL 2|PartNumber|TRAN-1051|Description||QuantityOnRent|2|QuantityInTransit|0|QuantityReserved|0
Nro|10816|Local.NAME | 1830-EDIFICIO REAL 2|PartNumber|ANMD-0024|Description||QuantityOnRent|6|QuantityInTransit|0|QuantityReserved|0
Nro|10817|Local.NAME | 1830-EDIFICIO REAL 2|PartNumber|ANMD-0022|Description||QuantityOnRent|4|QuantityInTransit|0|QuantityReserved|0
Nro|10818|Local.NAME | 1830-EDIFICIO REAL 2|PartNumber|COMP-0277|Description||QuantityOnRent|13|QuantityInTransit|0|QuantityReserved|0
Nro|10819|Local.NAME | 1830-EDIFICIO REAL 2|PartNumber|COMP-0423|Description||QuantityOnRent|106|QuantityInTransit|0|QuantityReserved|0
Nro|10820|Local.NAME | 1830-EDIFICIO REAL 2|PartNumber|EEXT-0005|Description||QuantityOnRent|330|QuantityInTransit|0|QuantityReserved|0
Nro|10821|Local.NAME | 1830-EDIFICIO REAL 2|PartNumber|CODU-0048|Description||QuantityOnRent|12|QuantityInTransit|0|QuantityReserved|0
Nro|10822|Local.NAME | 1830-EDIFICIO REAL 2|PartNumber|COMP-0046|Description||QuantityOnRent|30|QuantityInTransit|0|QuantityReserved|0
Nro|10823|Local.NAME | 1830-EDIFICIO REAL 2|PartNumber|MHLO-0005|Description||QuantityOnRent|350|QuantityInTransit|0|QuantityReserved|0
Nro|10824|Local.NAME | 1830-EDIFICIO REAL 2|PartNumber|TUBO-0057|Description||QuantityOnRent|2|QuantityInTransit|0|QuantityReserved|0
Nro|10825|Local.NAME | 1830-EDIFICIO REAL 2|PartNumber|COMP-0164|Description||QuantityOnRent|1|QuantityInTransit|0|QuantityReserved|0
Nro|10826|Local.NAME | 1830-EDIFICIO REAL 2|PartNumber|CANA-0012|Description||QuantityOnRent|7|QuantityInTransit|0|QuantityReserved|0
Nro|10827|Local.NAME | 1830-EDIFICIO REAL 2|PartNumber|ANMD-0009|Description||QuantityOnRent|84|QuantityInTransit|0|QuantityReserved|0
Nro|10828|Local.NAME | 1830-EDIFICIO REAL 2|PartNumber|MHLO-0008|Description||QuantityOnRent|297|QuantityInTransit|0|QuantityReserved|0
Nro|10829|Local.NAME | 1830-EDIFICIO REAL 2|PartNumber|PANL-0060|Description||QuantityOnRent|1|QuantityInTransit|0|QuantityReserved|0
Nro|10830|Local.NAME | 1830-EDIFICIO REAL 2|PartNumber|COMP-0094|Description||QuantityOnRent|108|QuantityInTransit|0|QuantityReserved|0
Nro|10831|Local.NAME | 1830-EDIFICIO REAL 2|PartNumber|PANM-0017|Description||QuantityOnRent|5|QuantityInTransit|0|QuantityReserved|0
Nro|10832|Local.NAME | 1830-EDIFICIO REAL 2|PartNumber|CANA-0075|Description||QuantityOnRent|68|QuantityInTransit|0|QuantityReserved|0
Nro|10833|Local.NAME | 1830-EDIFICIO REAL 2|PartNumber|CANA-0073|Description||QuantityOnRent|4|QuantityInTransit|0|QuantityReserved|0
Nro|10834|Local.NAME | 1830-EDIFICIO REAL 2|PartNumber|COMP-1005|Description||QuantityOnRent|4|QuantityInTransit|0|QuantityReserved|0
Nro|10835|Local.NAME | 1830-EDIFICIO REAL 2|PartNumber|PANM-0114|Description||QuantityOnRent|48|QuantityInTransit|0|QuantityReserved|0
Nro|10836|Local.NAME | 1830-EDIFICIO REAL 2|PartNumber|ANMD-0021|Description||QuantityOnRent|18|QuantityInTransit|0|QuantityReserved|0
Nro|10837|Local.NAME | 1830-EDIFICIO REAL 2|PartNumber|COMP-0447|Description||QuantityOnRent|55|QuantityInTransit|0|QuantityReserved|0
Nro|10838|Local.NAME | 1830-EDIFICIO REAL 2|PartNumber|PANM-0130|Description||QuantityOnRent|218|QuantityInTransit|0|QuantityReserved|0
Nro|10839|Local.NAME | 1830-EDIFICIO REAL 2|PartNumber|PANM-0118|Description||QuantityOnRent|103|QuantityInTransit|0|QuantityReserved|0
Nro|10840|Local.NAME | 1830-EDIFICIO REAL 2|PartNumber|CODU-0049|Description||QuantityOnRent|9|QuantityInTransit|0|QuantityReserved|0
Nro|10841|Local.NAME | 1830-EDIFICIO REAL 2|PartNumber|COMP-0021|Description||QuantityOnRent|26|QuantityInTransit|0|QuantityReserved|0
Nro|10842|Local.NAME | 1830-EDIFICIO REAL 2|PartNumber|COMP-0128|Description||QuantityOnRent|370|QuantityInTransit|0|QuantityReserved|0
Nro|10843|Local.NAME | 1830-EDIFICIO REAL 2|PartNumber|ANMD-0015|Description||QuantityOnRent|154|QuantityInTransit|0|QuantityReserved|0
Nro|10844|Local.NAME | 1830-EDIFICIO REAL 2|PartNumber|PANM-0133|Description||QuantityOnRent|8|QuantityInTransit|0|QuantityReserved|0
Nro|10845|Local.NAME | 1830-EDIFICIO REAL 2|PartNumber|CODU-0050|Description||QuantityOnRent|8|QuantityInTransit|0|QuantityReserved|0
Nro|10846|Local.NAME | 1830-EDIFICIO REAL 2|PartNumber|CANA-0101|Description||QuantityOnRent|70|QuantityInTransit|0|QuantityReserved|0
Nro|10847|Local.NAME | 1830-EDIFICIO REAL 2|PartNumber|PUNT-0027|Description||QuantityOnRent|1138|QuantityInTransit|0|QuantityReserved|0
Nro|10848|Local.NAME | 1830-EDIFICIO REAL 2|PartNumber|EEXT-0114|Description||QuantityOnRent|7|QuantityInTransit|0|QuantityReserved|0
Nro|10849|Local.NAME | 1830-EDIFICIO REAL 2|PartNumber|COMP-0126|Description||QuantityOnRent|436|QuantityInTransit|0|QuantityReserved|0
Nro|10850|Local.NAME | 1830-EDIFICIO REAL 2|PartNumber|CANA-0030|Description||QuantityOnRent|16|QuantityInTransit|0|QuantityReserved|0
Nro|10851|Local.NAME | 1830-EDIFICIO REAL 2|PartNumber|PANM-0094|Description||QuantityOnRent|30|QuantityInTransit|0|QuantityReserved|0
Nro|10852|Local.NAME | 1830-EDIFICIO REAL 2|PartNumber|EEXT-0115|Description||QuantityOnRent|3|QuantityInTransit|0|QuantityReserved|0
Nro|10853|Local.NAME | 1830-EDIFICIO REAL 2|PartNumber|COMP-0648|Description||QuantityOnRent|446|QuantityInTransit|0|QuantityReserved|0
Nro|10854|Local.NAME | 1830-EDIFICIO REAL 2|PartNumber|PANL-0001|Description||QuantityOnRent|249|QuantityInTransit|0|QuantityReserved|0
Nro|10855|Local.NAME | 1830-EDIFICIO REAL 2|PartNumber|COMP-0551|Description||QuantityOnRent|413|QuantityInTransit|0|QuantityReserved|0
Nro|10856|Local.NAME | 1830-EDIFICIO REAL 2|PartNumber|COMP-0143|Description||QuantityOnRent|216|QuantityInTransit|0|QuantityReserved|0
Nro|10857|Local.NAME | 1830-EDIFICIO REAL 2|PartNumber|CANA-0014|Description||QuantityOnRent|25|QuantityInTransit|0|QuantityReserved|0
Nro|10858|Local.NAME | 1830-EDIFICIO REAL 2|PartNumber|COMP-0247|Description||QuantityOnRent|36|QuantityInTransit|0|QuantityReserved|0
Nro|10859|Local.NAME | 1830-EDIFICIO REAL 2|PartNumber|TRAV-0015|Description||QuantityOnRent|3|QuantityInTransit|0|QuantityReserved|0
Nro|10860|Local.NAME | 1830-EDIFICIO REAL 2|PartNumber|ANFA-0009|Description||QuantityOnRent|275|QuantityInTransit|0|QuantityReserved|0
Nro|10861|Local.NAME | 1830-EDIFICIO REAL 2|PartNumber|PANM-0240|Description||QuantityOnRent|30|QuantityInTransit|0|QuantityReserved|0
Nro|10862|Local.NAME | 1830-EDIFICIO REAL 2|PartNumber|CODU-0037|Description||QuantityOnRent|2|QuantityInTransit|0|QuantityReserved|0
Nro|10863|Local.NAME | 1830-EDIFICIO REAL 2|PartNumber|CANA-0010|Description||QuantityOnRent|12|QuantityInTransit|0|QuantityReserved|0
Nro|10864|Local.NAME | 1830-EDIFICIO REAL 2|PartNumber|TUBO-0008|Description||QuantityOnRent|180|QuantityInTransit|0|QuantityReserved|0
Nro|10865|Local.NAME | 1830-EDIFICIO REAL 2|PartNumber|PANL-0008|Description||QuantityOnRent|26|QuantityInTransit|0|QuantityReserved|0
Nro|10866|Local.NAME | 1830-EDIFICIO REAL 2|PartNumber|COMP-0275|Description||QuantityOnRent|121|QuantityInTransit|0|QuantityReserved|0
Nro|10867|Local.NAME | 1830-EDIFICIO REAL 2|PartNumber|ANFA-0015|Description||QuantityOnRent|9|QuantityInTransit|0|QuantityReserved|0
Nro|10868|Local.NAME | 1830-EDIFICIO REAL 2|PartNumber|COMP-0188|Description||QuantityOnRent|8|QuantityInTransit|0|QuantityReserved|0
Nro|10869|Local.NAME | 1830-EDIFICIO REAL 2|PartNumber|COMP-0129|Description||QuantityOnRent|201|QuantityInTransit|0|QuantityReserved|0
Nro|10870|Local.NAME | 1830-EDIFICIO REAL 2|PartNumber|CANA-0105|Description||QuantityOnRent|5|QuantityInTransit|0|QuantityReserved|0
Nro|10871|Local.NAME | 1830-EDIFICIO REAL 2|PartNumber|COMP-1003|Description||QuantityOnRent|2|QuantityInTransit|0|QuantityReserved|0
Nro|10872|Local.NAME | 1830-EDIFICIO REAL 2|PartNumber|CODU-0003|Description||QuantityOnRent|3|QuantityInTransit|0|QuantityReserved|0
Nro|10873|Local.NAME | 1830-EDIFICIO REAL 2|PartNumber|TUBO-0081|Description||QuantityOnRent|27|QuantityInTransit|0|QuantityReserved|0
Nro|10874|Local.NAME | 1830-EDIFICIO REAL 2|PartNumber|COMP-0440|Description||QuantityOnRent|47|QuantityInTransit|0|QuantityReserved|0
Nro|10875|Local.NAME | 1830-EDIFICIO REAL 2|PartNumber|COMP-0427|Description||QuantityOnRent|11|QuantityInTransit|0|QuantityReserved|0
Nro|10876|Local.NAME | 1830-EDIFICIO REAL 2|PartNumber|MHLO-0004|Description||QuantityOnRent|468|QuantityInTransit|0|QuantityReserved|0
Nro|10877|Local.NAME | 1830-EDIFICIO REAL 2|PartNumber|PANM-0087|Description||QuantityOnRent|124|QuantityInTransit|0|QuantityReserved|0
Nro|10878|Local.NAME | 1830-EDIFICIO REAL 2|PartNumber|PANM-0082|Description||QuantityOnRent|1|QuantityInTransit|0|QuantityReserved|0
Nro|10879|Local.NAME | 1830-EDIFICIO REAL 2|PartNumber|ANMD-0060|Description||QuantityOnRent|10|QuantityInTransit|0|QuantityReserved|0
Nro|10880|Local.NAME | 1830-EDIFICIO REAL 2|PartNumber|GATA-0008|Description||QuantityOnRent|29|QuantityInTransit|0|QuantityReserved|0
Nro|10881|Local.NAME | 1830-EDIFICIO REAL 2|PartNumber|MHLO-0010|Description||QuantityOnRent|934|QuantityInTransit|0|QuantityReserved|0
Nro|10882|Local.NAME | 1830-EDIFICIO REAL 2|PartNumber|PUNT-0004|Description||QuantityOnRent|164|QuantityInTransit|0|QuantityReserved|0
Nro|10883|Local.NAME | 1830-EDIFICIO REAL 2|PartNumber|COMP-0166|Description||QuantityOnRent|-4|QuantityInTransit|0|QuantityReserved|0
Nro|10884|Local.NAME | 1830-EDIFICIO REAL 2|PartNumber|COMP-0035|Description||QuantityOnRent|103|QuantityInTransit|0|QuantityReserved|0
Nro|10885|Local.NAME | 1830-EDIFICIO REAL 2|PartNumber|COMP-1006|Description||QuantityOnRent|4|QuantityInTransit|0|QuantityReserved|0
Nro|10886|Local.NAME | 1830-EDIFICIO REAL 2|PartNumber|ANFA-0013|Description||QuantityOnRent|25|QuantityInTransit|0|QuantityReserved|0
Nro|10887|Local.NAME | 1830-EDIFICIO REAL 2|PartNumber|MHLO-0003|Description||QuantityOnRent|400|QuantityInTransit|0|QuantityReserved|0
Nro|10888|Local.NAME | 1830-EDIFICIO REAL 2|PartNumber|PANM-0089|Description||QuantityOnRent|209|QuantityInTransit|0|QuantityReserved|0
Nro|10889|Local.NAME | 1830-EDIFICIO REAL 2|PartNumber|COMP-0352|Description||QuantityOnRent|30|QuantityInTransit|0|QuantityReserved|0
Nro|10890|Local.NAME | 1830-EDIFICIO REAL 2|PartNumber|COMP-0200|Description||QuantityOnRent|24|QuantityInTransit|0|QuantityReserved|0
Nro|10891|Local.NAME | 1830-EDIFICIO REAL 2|PartNumber|COMP-0060|Description||QuantityOnRent|2742|QuantityInTransit|0|QuantityReserved|0
Nro|10892|Local.NAME | 1830-EDIFICIO REAL 2|PartNumber|ALZA-0030|Description||QuantityOnRent|10|QuantityInTransit|0|QuantityReserved|0
Nro|10893|Local.NAME | 1830-EDIFICIO REAL 2|PartNumber|COMP-0169|Description||QuantityOnRent|72|QuantityInTransit|0|QuantityReserved|0
Nro|10894|Local.NAME | 1830-EDIFICIO REAL 2|PartNumber|CANA-0028|Description||QuantityOnRent|7|QuantityInTransit|0|QuantityReserved|0
Nro|10895|Local.NAME | 1830-EDIFICIO REAL 2|PartNumber|ALZA-0074|Description||QuantityOnRent|10|QuantityInTransit|0|QuantityReserved|0
Nro|10896|Local.NAME | 1830-EDIFICIO REAL 2|PartNumber|MHLO-0001|Description||QuantityOnRent|391|QuantityInTransit|0|QuantityReserved|0
Nro|10897|Local.NAME | 1830-EDIFICIO REAL 2|PartNumber|TUBO-0025|Description||QuantityOnRent|64|QuantityInTransit|0|QuantityReserved|0
Nro|10898|Local.NAME | 1830-EDIFICIO REAL 2|PartNumber|CANA-0057|Description||QuantityOnRent|46|QuantityInTransit|0|QuantityReserved|0
Nro|10899|Local.NAME | 1830-EDIFICIO REAL 2|PartNumber|ANMD-0004|Description||QuantityOnRent|2|QuantityInTransit|0|QuantityReserved|0
Nro|10900|Local.NAME | 1830-EDIFICIO REAL 2|PartNumber|ANMD-0070|Description||QuantityOnRent|4|QuantityInTransit|0|QuantityReserved|0
Nro|10901|Local.NAME | 1830-EDIFICIO REAL 2|PartNumber|PANM-0115|Description||QuantityOnRent|3|QuantityInTransit|0|QuantityReserved|0
Nro|10902|Local.NAME | 1830-EDIFICIO REAL 2|PartNumber|TRAV-0014|Description||QuantityOnRent|581|QuantityInTransit|0|QuantityReserved|0
Nro|10903|Local.NAME | 1830-EDIFICIO REAL 2|PartNumber|MHLO-0002|Description||QuantityOnRent|6|QuantityInTransit|0|QuantityReserved|0
Nro|10904|Local.NAME | 1830-EDIFICIO REAL 2|PartNumber|ANMD-0051|Description||QuantityOnRent|6|QuantityInTransit|0|QuantityReserved|0
Nro|10905|Local.NAME | 1830-EDIFICIO REAL 2|PartNumber|COMP-0233|Description||QuantityOnRent|1542|QuantityInTransit|0|QuantityReserved|0
Nro|10906|Local.NAME | 1830-EDIFICIO REAL 2|PartNumber|COMP-0217|Description||QuantityOnRent|2|QuantityInTransit|0|QuantityReserved|0
Nro|10907|Local.NAME | 1830-EDIFICIO REAL 2|PartNumber|CANA-0016|Description||QuantityOnRent|126|QuantityInTransit|0|QuantityReserved|0
Nro|10908|Local.NAME | 1830-EDIFICIO REAL 2|PartNumber|TUBO-0006|Description||QuantityOnRent|3|QuantityInTransit|0|QuantityReserved|0
Nro|10909|Local.NAME | 1830-EDIFICIO REAL 2|PartNumber|PANM-0138|Description||QuantityOnRent|34|QuantityInTransit|0|QuantityReserved|0
Nro|10910|Local.NAME | 1830-EDIFICIO REAL 2|PartNumber|SOPV-0006|Description||QuantityOnRent|4|QuantityInTransit|0|QuantityReserved|0
Nro|10911|Local.NAME | 1830-EDIFICIO REAL 2|PartNumber|ANMD-0040|Description||QuantityOnRent|16|QuantityInTransit|0|QuantityReserved|0
Nro|10912|Local.NAME | 1830-EDIFICIO REAL 2|PartNumber|ANMD-0020|Description||QuantityOnRent|3|QuantityInTransit|0|QuantityReserved|0
Nro|10913|Local.NAME | 1830-EDIFICIO REAL 2|PartNumber|FORM-0004|Description||QuantityOnRent|468|QuantityInTransit|0|QuantityReserved|0
Nro|10914|Local.NAME | 1830-EDIFICIO REAL 2|PartNumber|COMP-1001|Description||QuantityOnRent|2353|QuantityInTransit|0|QuantityReserved|0
Nro|10915|Local.NAME | 1830-EDIFICIO REAL 2|PartNumber|TUBO-0012|Description||QuantityOnRent|84|QuantityInTransit|0|QuantityReserved|0
Nro|10916|Local.NAME | 1830-EDIFICIO REAL 2|PartNumber|ANMD-0049|Description||QuantityOnRent|1|QuantityInTransit|0|QuantityReserved|0
Nro|10917|Local.NAME | 1830-EDIFICIO REAL 2|PartNumber|TUBO-0092|Description||QuantityOnRent|69|QuantityInTransit|0|QuantityReserved|0
Nro|10918|Local.NAME | 1830-EDIFICIO REAL 2|PartNumber|PANM-0132|Description||QuantityOnRent|21|QuantityInTransit|0|QuantityReserved|0
Nro|10919|Local.NAME | 1830-EDIFICIO REAL 2|PartNumber|ANMD-0010|Description||QuantityOnRent|19|QuantityInTransit|0|QuantityReserved|0
Nro|10920|Local.NAME | 1830-EDIFICIO REAL 2|PartNumber|CANA-0066|Description||QuantityOnRent|8|QuantityInTransit|0|QuantityReserved|0
Nro|10921|Local.NAME | 1830-EDIFICIO REAL 2|PartNumber|TUBO-0018|Description||QuantityOnRent|35|QuantityInTransit|0|QuantityReserved|0
Nro|10922|Local.NAME | 1830-EDIFICIO REAL 2|PartNumber|ANMD-0005|Description||QuantityOnRent|6|QuantityInTransit|0|QuantityReserved|0
Nro|10923|Local.NAME | 1830-EDIFICIO REAL 2|PartNumber|TUBO-0058|Description||QuantityOnRent|30|QuantityInTransit|0|QuantityReserved|0
Nro|10924|Local.NAME | 1830-EDIFICIO REAL 2|PartNumber|ANMD-0052|Description||QuantityOnRent|8|QuantityInTransit|0|QuantityReserved|0
Nro|10925|Local.NAME | 1830-EDIFICIO REAL 2|PartNumber|PANM-0084|Description||QuantityOnRent|17|QuantityInTransit|0|QuantityReserved|0
Nro|10926|Local.NAME | 1830-EDIFICIO REAL 2|PartNumber|CANA-0104|Description||QuantityOnRent|3|QuantityInTransit|0|QuantityReserved|0
Nro|10927|Local.NAME | 1830-EDIFICIO REAL 2|PartNumber|GATA-0001|Description||QuantityOnRent|1085|QuantityInTransit|0|QuantityReserved|0
Nro|10928|Local.NAME | 1830-EDIFICIO REAL 2|PartNumber|CANA-0021|Description||QuantityOnRent|8|QuantityInTransit|0|QuantityReserved|0
Nro|10929|Local.NAME | 1830-EDIFICIO REAL 2|PartNumber|PANM-0182|Description||QuantityOnRent|2|QuantityInTransit|0|QuantityReserved|0
Nro|10930|Local.NAME | 1830-EDIFICIO REAL 2|PartNumber|ANFA-0002|Description||QuantityOnRent|6|QuantityInTransit|0|QuantityReserved|0
Nro|10931|Local.NAME | 1830-EDIFICIO REAL 2|PartNumber|COMP-0072|Description||QuantityOnRent|30|QuantityInTransit|0|QuantityReserved|0
Nro|10932|Local.NAME | 1830-EDIFICIO REAL 2|PartNumber|TUBO-0029|Description||QuantityOnRent|45|QuantityInTransit|0|QuantityReserved|0
Nro|10933|Local.NAME | 1830-EDIFICIO REAL 2|PartNumber|ANMD-0059|Description||QuantityOnRent|10|QuantityInTransit|0|QuantityReserved|0
Nro|10934|Local.NAME | 1830-EDIFICIO REAL 2|PartNumber|TUBO-0009|Description||QuantityOnRent|2|QuantityInTransit|0|QuantityReserved|0
Nro|10935|Local.NAME | 1830-EDIFICIO REAL 2|PartNumber|CANA-0033|Description||QuantityOnRent|267|QuantityInTransit|0|QuantityReserved|0
Nro|10936|Local.NAME | 1830-EDIFICIO REAL 2|PartNumber|PUNT-0031|Description||QuantityOnRent|74|QuantityInTransit|0|QuantityReserved|0
Nro|10937|Local.NAME | 1830-EDIFICIO REAL 2|PartNumber|COMP-0260|Description||QuantityOnRent|105|QuantityInTransit|0|QuantityReserved|0
Nro|10938|Local.NAME | 1830-EDIFICIO REAL 2|PartNumber|CODU-0034|Description||QuantityOnRent|108|QuantityInTransit|0|QuantityReserved|0
Nro|10939|Local.NAME | 1830-EDIFICIO REAL 2|PartNumber|PANL-0042|Description||QuantityOnRent|4|QuantityInTransit|0|QuantityReserved|0
Nro|10940|Local.NAME | 1830-EDIFICIO REAL 2|PartNumber|EINT-0040|Description||QuantityOnRent|11|QuantityInTransit|0|QuantityReserved|0
Nro|10941|Local.NAME | 1830-EDIFICIO REAL 2|PartNumber|PANL-0005|Description||QuantityOnRent|89|QuantityInTransit|0|QuantityReserved|0
Nro|10942|Local.NAME | 1830-EDIFICIO REAL 2|PartNumber|COMP-0705|Description||QuantityOnRent|284|QuantityInTransit|0|QuantityReserved|0
Nro|10943|Local.NAME | 1830-EDIFICIO REAL 2|PartNumber|PANM-0086|Description||QuantityOnRent|5|QuantityInTransit|0|QuantityReserved|0
Nro|10944|Local.NAME | 1830-EDIFICIO REAL 2|PartNumber|ANMD-0012|Description||QuantityOnRent|44|QuantityInTransit|0|QuantityReserved|0
Nro|10945|Local.NAME | 1830-EDIFICIO REAL 2|PartNumber|ANMD-0061|Description||QuantityOnRent|8|QuantityInTransit|0|QuantityReserved|0
Nro|10946|Local.NAME | 1830-EDIFICIO REAL 2|PartNumber|PANL-0033|Description||QuantityOnRent|14|QuantityInTransit|0|QuantityReserved|0
Nro|10947|Local.NAME | 1830-EDIFICIO REAL 2|PartNumber|PANM-0033|Description||QuantityOnRent|39|QuantityInTransit|0|QuantityReserved|0
Nro|10948|Local.NAME | 1830-EDIFICIO REAL 2|PartNumber|ANMD-0112|Description||QuantityOnRent|445|QuantityInTransit|0|QuantityReserved|0
Nro|10949|Local.NAME | 1830-EDIFICIO REAL 2|PartNumber|COMP-0298|Description||QuantityOnRent|18|QuantityInTransit|0|QuantityReserved|0
Nro|10950|Local.NAME | 1830-EDIFICIO REAL 2|PartNumber|ANFA-0005|Description||QuantityOnRent|24|QuantityInTransit|0|QuantityReserved|0
Nro|10951|Local.NAME | 1830-EDIFICIO REAL 2|PartNumber|TRAV-0013|Description||QuantityOnRent|12|QuantityInTransit|0|QuantityReserved|0
Nro|10952|Local.NAME | 1830-EDIFICIO REAL 2|PartNumber|COMP-0056|Description||QuantityOnRent|354|QuantityInTransit|0|QuantityReserved|0
Nro|10953|Local.NAME | 1830-EDIFICIO REAL 2|PartNumber|EEXT-0124|Description||QuantityOnRent|2|QuantityInTransit|0|QuantityReserved|0
Nro|10954|Local.NAME | 1830-EDIFICIO REAL 2|PartNumber|COMP-0002|Description||QuantityOnRent|315|QuantityInTransit|0|QuantityReserved|0
Nro|10955|Local.NAME | 1830-EDIFICIO REAL 2|PartNumber|COMP-0187|Description||QuantityOnRent|110|QuantityInTransit|0|QuantityReserved|0
Nro|10956|Local.NAME | 1830-EDIFICIO REAL 2|PartNumber|CANA-0103|Description||QuantityOnRent|4|QuantityInTransit|0|QuantityReserved|0
Nro|10957|Local.NAME | 1830-EDIFICIO REAL 2|PartNumber|CANA-0022|Description||QuantityOnRent|69|QuantityInTransit|0|QuantityReserved|0
Nro|10958|Local.NAME | 1830-EDIFICIO REAL 2|PartNumber|PANL-0007|Description||QuantityOnRent|6|QuantityInTransit|0|QuantityReserved|0
Nro|10959|Local.NAME | 1830-EDIFICIO REAL 2|PartNumber|COMP-0485|Description||QuantityOnRent|4|QuantityInTransit|0|QuantityReserved|0
Nro|10960|Local.NAME | 1830-EDIFICIO REAL 2|PartNumber|PANL-0009|Description||QuantityOnRent|2|QuantityInTransit|0|QuantityReserved|0
Nro|10961|Local.NAME | 1830-EDIFICIO REAL 2|PartNumber|ALZA-0071|Description||QuantityOnRent|39|QuantityInTransit|0|QuantityReserved|0
Nro|10962|Local.NAME | 1830-EDIFICIO REAL 2|PartNumber|COMP-0244|Description||QuantityOnRent|50|QuantityInTransit|0|QuantityReserved|0
Nro|10963|Local.NAME | 1830-EDIFICIO REAL 2|PartNumber|CANA-0095|Description||QuantityOnRent|226|QuantityInTransit|0|QuantityReserved|0
Nro|10964|Local.NAME | 1830-EDIFICIO REAL 2|PartNumber|PANM-0139|Description||QuantityOnRent|64|QuantityInTransit|0|QuantityReserved|0
Nro|10965|Local.NAME | 1830-EDIFICIO REAL 2|PartNumber|CANA-0024|Description||QuantityOnRent|105|QuantityInTransit|0|QuantityReserved|0
Nro|10966|Local.NAME | 1830-EDIFICIO REAL 2|PartNumber|SOPV-0005|Description||QuantityOnRent|32|QuantityInTransit|0|QuantityReserved|0
Nro|10967|Local.NAME | 1830-EDIFICIO REAL 2|PartNumber|CODU-0022|Description||QuantityOnRent|134|QuantityInTransit|0|QuantityReserved|0
Nro|10968|Local.NAME | 1830-EDIFICIO REAL 2|PartNumber|TUBO-0023|Description||QuantityOnRent|6|QuantityInTransit|0|QuantityReserved|0
Nro|10969|Local.NAME | 1830-EDIFICIO REAL 2|PartNumber|PANM-0014|Description||QuantityOnRent|19|QuantityInTransit|0|QuantityReserved|0
Nro|10970|Local.NAME | 1830-EDIFICIO REAL 2|PartNumber|PANL-0006|Description||QuantityOnRent|1|QuantityInTransit|0|QuantityReserved|0
Nro|10971|Local.NAME | 1830-EDIFICIO REAL 2|PartNumber|ANFA-0016|Description||QuantityOnRent|6|QuantityInTransit|0|QuantityReserved|0
Nro|10972|Local.NAME | 1830-EDIFICIO REAL 2|PartNumber|PANL-0034|Description||QuantityOnRent|3|QuantityInTransit|0|QuantityReserved|0
Nro|10973|Local.NAME | 1830-EDIFICIO REAL 2|PartNumber|GATA-0006|Description||QuantityOnRent|337|QuantityInTransit|0|QuantityReserved|0
Nro|10974|Local.NAME | 1830-EDIFICIO REAL 2|PartNumber|EEXT-0017|Description||QuantityOnRent|152|QuantityInTransit|0|QuantityReserved|0
Nro|10975|Local.NAME | 1830-EDIFICIO REAL 2|PartNumber|COMP-0518|Description||QuantityOnRent|25|QuantityInTransit|0|QuantityReserved|0
Nro|10976|Local.NAME | 1830-EDIFICIO REAL 2|PartNumber|PANM-0092|Description||QuantityOnRent|117|QuantityInTransit|0|QuantityReserved|0
Nro|10977|Local.NAME | 1830-EDIFICIO REAL 2|PartNumber|COMP-0546|Description||QuantityOnRent|4|QuantityInTransit|0|QuantityReserved|0
Nro|10978|Local.NAME | 1830-EDIFICIO REAL 2|PartNumber|COMP-0161|Description||QuantityOnRent|106|QuantityInTransit|0|QuantityReserved|0
Nro|10979|Local.NAME | 1830-EDIFICIO REAL 2|PartNumber|CANA-0036|Description||QuantityOnRent|117|QuantityInTransit|0|QuantityReserved|0
Nro|10980|Local.NAME | 1830-EDIFICIO REAL 2|PartNumber|COMP-0014|Description||QuantityOnRent|15|QuantityInTransit|0|QuantityReserved|0
Nro|10981|Local.NAME | 1830-EDIFICIO REAL 2|PartNumber|TUBO-0016|Description||QuantityOnRent|4|QuantityInTransit|0|QuantityReserved|0
Nro|10982|Local.NAME | 1830-EDIFICIO REAL 2|PartNumber|PANL-0037|Description||QuantityOnRent|1|QuantityInTransit|0|QuantityReserved|0
Nro|10983|Local.NAME | 1830-EDIFICIO REAL 2|PartNumber|CANA-0135|Description||QuantityOnRent|13|QuantityInTransit|0|QuantityReserved|0
Nro|10984|Local.NAME | 1830-EDIFICIO REAL 2|PartNumber|CANA-0153|Description||QuantityOnRent|24|QuantityInTransit|0|QuantityReserved|0
Nro|10985|Local.NAME | 1830-EDIFICIO REAL 2|PartNumber|PANM-0009|Description||QuantityOnRent|1|QuantityInTransit|0|QuantityReserved|0
Nro|10986|Local.NAME | 1830-EDIFICIO REAL 2|PartNumber|PANL-0032|Description||QuantityOnRent|2|QuantityInTransit|0|QuantityReserved|0
Nro|10987|Local.NAME | 1830-EDIFICIO REAL 2|PartNumber|MHLO-0012|Description||QuantityOnRent|1746|QuantityInTransit|0|QuantityReserved|0
Nro|10988|Local.NAME | 1830-EDIFICIO REAL 2|PartNumber|COMP-0127|Description||QuantityOnRent|45|QuantityInTransit|0|QuantityReserved|0
Nro|10989|Local.NAME | 1830-EDIFICIO REAL 2|PartNumber|PANL-0004|Description||QuantityOnRent|26|QuantityInTransit|0|QuantityReserved|0
Nro|10990|Local.NAME | 1830-EDIFICIO REAL 2|PartNumber|EEXT-0125|Description||QuantityOnRent|1|QuantityInTransit|0|QuantityReserved|0
Nro|10991|Local.NAME | 1830-EDIFICIO REAL 2|PartNumber|COMP-0170|Description||QuantityOnRent|1|QuantityInTransit|0|QuantityReserved|0
Nro|10992|Local.NAME | 1830-EDIFICIO REAL 2|PartNumber|PANL-0002|Description||QuantityOnRent|1|QuantityInTransit|0|QuantityReserved|0
Nro|10993|Local.NAME | 1830-EDIFICIO REAL 2|PartNumber|TRAV-0008|Description||QuantityOnRent|347|QuantityInTransit|0|QuantityReserved|0
Nro|10994|Local.NAME | 1830-EDIFICIO REAL 2|PartNumber|CANA-0125|Description||QuantityOnRent|40|QuantityInTransit|0|QuantityReserved|0
Nro|10995|Local.NAME | 1830-EDIFICIO REAL 2|PartNumber|CODU-0036|Description||QuantityOnRent|2|QuantityInTransit|0|QuantityReserved|0
Nro|10996|Local.NAME | 1830-EDIFICIO REAL 2|PartNumber|ANMD-0027|Description||QuantityOnRent|6|QuantityInTransit|0|QuantityReserved|0
Nro|10997|Local.NAME | 1830-EDIFICIO REAL 2|PartNumber|PANL-0041|Description||QuantityOnRent|6|QuantityInTransit|0|QuantityReserved|0
Nro|10998|Local.NAME | 1830-EDIFICIO REAL 2|PartNumber|PANM-0131|Description||QuantityOnRent|4|QuantityInTransit|0|QuantityReserved|0
Nro|10999|Local.NAME | 1830-EDIFICIO REAL 2|PartNumber|ALZA-0024|Description||QuantityOnRent|1|QuantityInTransit|0|QuantityReserved|0
Nro|11000|Local.NAME | 1830-EDIFICIO REAL 2|PartNumber|ANMD-0115|Description||QuantityOnRent|4|QuantityInTransit|0|QuantityReserved|0
Nro|11001|Local.NAME | 1830-EDIFICIO REAL 2|PartNumber|COMP-0047|Description||QuantityOnRent|59|QuantityInTransit|0|QuantityReserved|0
Nro|11002|Local.NAME | 1830-EDIFICIO REAL 2|PartNumber|PANM-0241|Description||QuantityOnRent|22|QuantityInTransit|0|QuantityReserved|0
Nro|11003|Local.NAME | 1830-EDIFICIO REAL 2|PartNumber|CANA-0018|Description||QuantityOnRent|42|QuantityInTransit|0|QuantityReserved|0
Nro|11004|Local.NAME | 1830-EDIFICIO REAL 2|PartNumber|FORM-0006|Description||QuantityOnRent|3|QuantityInTransit|0|QuantityReserved|0
